<?xml version="1.0" encoding="UTF-8"?>
<beans xmlns="http://www.springframework.org/schema/beans"
	xmlns:xsi="http://www.w3.org/2001/XMLSchema-instance"
	xmlns:p="http://www.springframework.org/schema/p"
	xmlns:context="http://www.springframework.org/schema/context"
	xsi:schemaLocation="http://www.springframework.org/schema/beans
		http://www.springframework.org/schema/beans/spring-beans-3.0.xsd
		http://www.springframework.org/schema/context
		http://www.springframework.org/schema/context/spring-context-3.0.xsd">


	<context:component-scan
		base-package="net.viralpatel.spring3.controller" />

	<bean id="viewResolver"
		class="org.springframework.web.servlet.view.UrlBasedViewResolver">
		<property name="viewClass">
			<value>
				org.springframework.web.servlet.view.tiles2.TilesView
			</value>
		</property>
	</bean>
	<bean id="tilesConfigurer"
		class="org.springframework.web.servlet.view.tiles2.TilesConfigurer">
		<property name="definitions">
			<list>
				<value>/WEB-INF/tiles.xml</value>
			</list>
		</property>
	</bean>

	<!-- Application Message Bundle -->
	<bean id="messageSource"
		class="org.springframework.context.support.ReloadableResourceBundleMessageSource">
		<property name="basename" value="classpath:messages" />
		<property name="defaultEncoding" value="UTF-8" />
	</bean>

	<!-- Locale Change Interceptor and Resolver definition -->
	<bean id="localeChangeInterceptor"
		class="org.springframework.web.servlet.i18n.LocaleChangeInterceptor">
		<property name="paramName" value="lang" />
	</bean>
	<bean id="localeResolver"
		class="org.springframework.web.servlet.i18n.CookieLocaleResolver">
		<property name="defaultLocale" value="en" />
	</bean>

	<bean id="themeSource"
		class="org.springframework.ui.context.support.ResourceBundleThemeSource">
			<property name="basenamePrefix" value="theme-" />
	</bean>

	<!-- Theme Change Interceptor and Resolver definition -->
	<bean id="themeChangeInterceptor"
		class="org.springframework.web.servlet.theme.ThemeChangeInterceptor">
		<property name="paramName" value="theme" />
	</bean>
	<bean id="themeResolver"
		class="org.springframework.web.servlet.theme.CookieThemeResolver">
		<property name="defaultThemeName" value="default" />
	</bean>


	<bean id="handlerMapping"
		class="org.springframework.web.servlet.mvc.annotation.DefaultAnnotationHandlerMapping">
		<property name="interceptors">
			<list>
				<ref bean="localeChangeInterceptor" />
				<ref bean="themeChangeInterceptor" />
			</list>
		</property>
	</bean>
</beans>